doc_id,country,region,policy_name,policy_name_local,key_rule,return_window_days,return_shipping_payer,effective_date,source_url,applies_platform,review_cycle_days,verified_by,verified_date,status
EU-DIR-2011-83,EU,EU,消费者权利指令（远程合同撤回权）,Directive 2011/83/EU on consumer rights,远程或场外签订的合同，消费者享有14天无理由撤回权，无需说明理由；撤回期内退回商品的直接费用原则上由消费者承担，但商家未事先告知时由商家承担,14,消费者（除商家未告知或商品有瑕疵）,2014-06-13,https://eur-lex.europa.eu/eli/dir/2011/83/oj,ALL,180,待法务确认,,seed
EU-REG-2023-988,EU,EU,通用产品安全条例 GPSR,Regulation (EU) 2023/988 on general product safety,在欧盟销售消费品须有欧盟境内责任人、可追溯信息与合规标识；线上销售须在商品页披露安全与警示信息,NA,NA,2024-12-13,https://eur-lex.europa.eu/eli/reg/2023/988/oj,ALL,180,待法务确认,,seed
DE-BGB-355,DE,EU,德国民法典撤回权,Widerrufsrecht (§ 355 BGB),消费者在14天内可无理由撤回合同；商家有义务在订立合同前以清晰方式告知撤回权，未告知则撤回期延长,14,消费者（瑕疵商品由商家承担）,2002-01-01,https://www.gesetze-im-internet.de/bgb/__355.html,ALL,180,待法务确认,,seed
DE-BGB-357,DE,EU,退货费用承担规则,Rückgewährpflichten (§ 357 BGB),消费者行使撤回权时，退回商品的直接费用可由消费者承担，前提是商家已有效告知；商品存在瑕疵时不得由消费者承担,14,消费者（须已有效告知）/ 瑕疵由商家承担,2014-06-13,https://www.gesetze-im-internet.de/bgb/__357.html,ALL,180,待法务确认,,seed
FR-CONSO-L221-18,FR,EU,法国消费者法典撤回权,"Droit de rétractation (Code de la consommation, art. L221-18)",远程销售消费者享有14天撤回权，自收到商品次日起算；商家须提供标准化撤回表格,14,消费者（未告知时由商家承担）,2014-06-14,https://www.legifrance.gouv.fr/codes/article_lc/LEGIARTI000032226745,ALL,180,待法务确认,,seed
ES-TRLGDCU-102,ES,EU,西班牙消费者权益法撤回权,"Derecho de desistimiento (TRLGDCU, art. 102)",消费者享有14天撤回权，无需说明理由；商品存在瑕疵时消费者可选择维修、更换、降价或解除合同,14,消费者（瑕疵由商家承担）,2014-03-27,https://www.boe.es/buscar/act.php?id=BOE-A-2007-20555,ALL,180,待法务确认,,seed
ES-TRLGDCU-118,ES,EU,西班牙商品瑕疵救济顺位,"Conformidad de los bienes (TRLGDCU, art. 118-121)",商品不符合约定时，消费者有权要求修复或更换；不能修复更换时可要求降价或解除合同（退款）,NA,商家,2014-03-27,https://www.boe.es/buscar/act.php?id=BOE-A-2007-20555,ALL,180,待法务确认,,seed
IT-CODICE-52,IT,EU,意大利消费者法典撤回权,"Diritto di recesso (Codice del consumo, art. 52)",远程销售消费者享有14天撤回权,14,消费者（瑕疵由商家承担）,2014-06-13,https://www.normattiva.it,ALL,180,待法务确认,,seed
GB-CCR-2013,GB,GB,英国消费者合同（信息、取消与额外收费）条例,"Consumer Contracts (Information, Cancellation and Additional Charges) Regulations 2013",远程销售合同消费者享有14天取消权，自收货起算；须事先告知否则取消期延长至12个月,14,消费者（未告知时由商家承担）,2014-06-13,https://www.legislation.gov.uk/uksi/2013/3134/contents,ALL,180,待法务确认,,seed
GB-CRA-2015,GB,GB,英国消费者权益法,Consumer Rights Act 2015,商品不符合质量要求时，消费者有权在30天内拒绝并获全额退款（short-term right to reject）,30,商家,2015-10-01,https://www.legislation.gov.uk/ukpga/2015/15/contents,ALL,180,待法务确认,,seed
US-FTC-MITOR,US,NA,美国邮购及网络订单商品规则,"FTC Mail, Internet, or Telephone Order Merchandise Rule",未在承诺时限内发货须及时通知消费者并提供取消订单并全额退款的选项,NA,商家（未按时发货时）,1976-02-01,https://www.ftc.gov/business-guidance/resources/business-guide-ftcs-mail-internet-or-telephone-order-merchandise-rule,ALL,180,待法务确认,,seed
US-STATE-VARIES,US,NA,美国各州退货法差异,State-level consumer protection laws,美国无统一的线上无理由退货联邦法，主要由平台规则与各州法约束；部分州对未告知退货政策的远程销售有特殊要求,NA,依平台规则与州法,2026-01-01,,ALL,180,待法务确认,,seed
PLATFORM-AMZ-30,ALL,NA,Amazon 退货窗口,Amazon Return Policy,多数品类支持收货后30天内退货；商品存在瑕疵或与描述不符时退货运费由卖家承担,30,卖家（瑕疵或不符）/ 买家（无理由，依站点政策）,2026-01-01,https://www.amazon.com/gp/help/customer/display.html?nodeId=GKM69DUUYKQWKWX7,amazon,90,待运营确认,,seed
PLATFORM-TTS-30,ALL,NA,TikTok Shop 退货窗口,TikTok Shop Return Policy,多数站点支持收货后30天内退货，具体窗口按站点规则差异；纠纷由平台介入裁决,30,卖家（瑕疵或不符）/ 买家（无理由，依站点政策）,2026-01-01,https://seller-us.tiktok.com/university,tiktok_shop,90,待运营确认,,seed
PLATFORM-TEMU-90,ALL,NA,Temu 退货政策,Temu Return Policy,平台对外承诺收货后90天内可退货（首次退货免运费），实际执行以平台最新规则页为准,90,平台补贴（首次）/ 买家（依规则）,2026-01-01,https://www.temu.com,temu,60,待运营确认,,seed
PLATFORM-SHOPEE-VAR,ALL,NA,Shopee 退货窗口,Shopee Return and Refund Policy,各市场退货窗口不同（约7至15天），由平台保证期与争议流程约束,15,依平台规则,2026-01-01,https://seller.shopee.com,shopee,90,待运营确认,,seed
KID-EN14682,EU,EU,童装绳带安全标准,EN 14682:2014 Safety of children's clothing,儿童服装头颈部、腰背部绳带长度与结构有强制安全要求；不符可能导致召回与下架,NA,NA,2015-06-30,https://standards.cencenelec.eu,ALL,180,待法务确认,,seed
KID-US-CPSC,US,NA,美国童装安全要求,CPSC Children's Sleepwear and Small Parts Requirements,儿童睡衣须符合阻燃要求；小部件不得脱落形成窒息风险；须符合CPSIA铅含量与邻苯限制,NA,NA,2026-01-01,https://www.cpsc.gov/Business--Manufacturing/Business-Education,ALL,180,待法务确认,,seed
